Name,US Chess ID,Rating,Club
Magnus Whiskers,12345601,2215,Meow Chess Club
Luna Pawnsworth,12345602,2104,Knight Owls
"Tabby, Oliver",12345603,1987,Meow Chess Club
Priya Raman,12345604,1942,Riverside Scholastic
Diego Alvarez,12345605,1876,Knight Owls
Chen Wei,12345606,1823,
Fatima Okafor,12345607,1790,Riverside Scholastic
Sam Castle,12345608,1744,Meow Chess Club
Hannah Kowalski,12345609,1702,Knight Owls
Marcus Bishop,12345610,1655,
Aiko Tanaka,12345611,1611,Riverside Scholastic
Noah Rookwood,12345612,1580,Meow Chess Club
Isabella Rossi,12345613,1534,Knight Owls
Kwame Mensah,12345614,1489,
Sofia Petrov,12345615,1437,Riverside Scholastic
Ethan Gambit,12345616,1392,Meow Chess Club
Olivia Nguyen,12345617,1340,Knight Owls
Mateo Fernandez,12345618,1275,Riverside Scholastic
Zoe Mittens,12345619,1203,Meow Chess Club
Liam O'Brien,12345620,1128,
Ava Johnson,12345621,1044,Riverside Scholastic
Ravi Patel,12345622,962,Knight Owls
Grace Kim,,Unrated,Meow Chess Club
Jordan Fischer,12345624,Unrated,
